itemid,hasbird
0721_144426_0218m_01s__0218m_11s,0.497813
0721_144426_0492m_00s__0492m_10s,0.477363
0721_144426_1905m_07s__1905m_17s,0.432500
0721_144426_2011m_41s__2011m_51s,0.501188
0721_144426_2061m_45s__2061m_55s,0.487285
0721_144426_2500m_05s__2500m_15s,0.477451
0723_162541_0186m_07s__0186m_17s,0.065823
0723_162541_1135m_51s__1136m_01s,0.465088
0723_162541_2058m_23s__2058m_33s,0.490423
0723_162541_2397m_57s__2398m_07s,0.517820
0723_162541_2691m_40s__2691m_50s,0.344861
0725_180656_0008m_03s__0008m_13s,0.080025
0725_180656_1233m_52s__1234m_02s,0.478793
0725_180656_1898m_53s__1899m_03s,0.451523
0725_180656_2026m_19s__2026m_29s,0.492672
0727_194812_0469m_38s__0469m_48s,0.377425
0727_194812_0706m_33s__0706m_43s,0.538029
0727_194812_2609m_26s__2609m_36s,0.570060
0727_194812_2868m_00s__2868m_10s,0.451897
0729_212927_2304m_35s__2304m_45s,0.415234
0729_212927_2541m_48s__2541m_58s,0.275098
0731_231042_0647m_32s__0647m_42s,0.537872
0731_231042_2330m_54s__2331m_04s,0.347118
0731_231042_2699m_57s__2700m_07s,0.528631
0803_005157_0852m_08s__0852m_18s,0.487557
0803_005157_0946m_34s__0946m_44s,0.492061
0803_005157_2439m_30s__2439m_40s,0.491526
0803_005157_2909m_09s__2909m_19s,0.496989
0805_023311_0579m_21s__0579m_31s,0.084709
0805_023311_0664m_21s__0664m_31s,0.078585
0805_023311_1377m_09s__1377m_19s,0.458871
0805_023311_1628m_25s__1628m_35s,0.304042
0805_023311_1662m_06s__1662m_16s,0.323530
0807_041426_0647m_38s__0647m_48s,0.404999
0807_041426_1203m_02s__1203m_12s,0.417355
0807_041426_1705m_35s__1705m_45s,0.522534
0807_041426_2767m_50s__2768m_00s,0.446147
0809_055541_1162m_53s__1163m_03s,0.483558
0809_055541_2752m_33s__2752m_43s,0.459972
0811_073655_0666m_44s__0666m_54s,0.500465
0813_091810_0408m_11s__0408m_21s,0.513490
0813_091810_0944m_00s__0944m_10s,0.471246
0817_124039_0833m_13s__0833m_23s,0.397019
0817_124039_2873m_04s__2873m_14s,0.558605
0817_124039_2873m_34s__2873m_44s,0.520569
0819_142155_0081m_44s__0081m_54s,0.544929
0819_142155_0338m_38s__0338m_48s,0.458211
0819_142155_1641m_59s__1642m_09s,0.452872
0819_142155_1859m_38s__1859m_48s,0.504159
ANKTVK_20160604_154131_1894m_01s__1894m_11s,0.367345
ANKTVK_20160604_154131_2026m_04s__2026m_14s,0.553083
ANKTVK_20160604_154131_2288m_38s__2288m_48s,0.109437
ANKTVK_20160604_154131_2821m_24s__2821m_34s,0.860707
ANKTVK_20160606_172246_1204m_08s__1204m_18s,0.404375
ANKTVK_20160606_172246_2104m_01s__2104m_11s,0.679619
ANKTVK_20160606_172246_2552m_12s__2552m_22s,0.134609
ANKTVK_20160608_190400_1889m_16s__1889m_26s,0.686606
ANKTVK_20160610_204514_1239m_25s__1239m_35s,0.498561
ANKTVK_20160610_204514_1778m_50s__1779m_00s,0.839567
ANKTVK_20160610_204514_2634m_50s__2635m_00s,0.091898
ANKTVK_20160610_204514_2843m_36s__2843m_46s,0.239773
ANKTVK_20160612_222630_1177m_00s__1177m_10s,0.924071
ANKTVK_20160612_222630_2726m_25s__2726m_35s,0.508531
ANKTVK_20160615_000745_0310m_08s__0310m_18s,0.547829
ANKTVK_20160615_000745_2382m_35s__2382m_45s,0.383920
ANKTVK_20160617_014901_0018m_18s__0018m_28s,0.679756
ANKTVK_20160617_014901_0332m_49s__0332m_59s,0.472746
ANKTVK_20160617_014901_1136m_47s__1136m_57s,0.112881
ANKTVK_20160617_014901_1547m_23s__1547m_33s,0.145580
ANKTVK_20160617_014901_1671m_48s__1671m_58s,0.084496
ANKTVK_20160617_014901_2265m_04s__2265m_14s,0.109555
ANKTVK_20160617_014901_2566m_33s__2566m_43s,0.611411
ANKTVK_20160617_014901_2730m_22s__2730m_32s,0.106998
ANKTVK_20160619_033017_0024m_28s__0024m_38s,0.510396
ANKTVK_20160619_033017_0145m_19s__0145m_29s,0.639506
ANKTVK_20160619_033017_0751m_05s__0751m_15s,0.448457
ANKTVK_20160619_033017_1618m_05s__1618m_15s,0.851057
ANKTVK_20160619_033017_1967m_39s__1967m_49s,0.964860
ANKTVK_20160619_033017_2282m_43s__2282m_53s,0.364127
ANKTVK_20160619_033017_2359m_20s__2359m_30s,0.108632
ANKTVK_20160621_051133_0425m_48s__0425m_58s,0.293447
ANKTVK_20160623_065247_0376m_21s__0376m_31s,0.420912
ANKTVK_20160623_065247_0852m_22s__0852m_32s,0.393127
CD3_20160728_185506_1408m_34s__1408m_44s,0.091206
CD3_20160728_185506_2303m_25s__2303m_35s,0.146633
CD3_20160728_185506_2690m_34s__2690m_44s,0.095720
CD3_20160730_203619_0067m_32s__0067m_42s,0.067159
CD3_20160730_203619_0942m_08s__0942m_18s,0.224652
CD3_20160730_203619_1072m_47s__1072m_57s,0.243661
CD3_20160730_203619_2452m_33s__2452m_43s,0.235868
CD3_20160801_221732_0093m_41s__0093m_51s,0.060543
CD3_20160801_221732_1368m_42s__1368m_52s,0.268951
CD3_20160803_235843_0247m_44s__0247m_54s,0.082516
CD3_20160803_235843_0996m_29s__0996m_39s,0.125582
CD3_20160803_235843_2110m_20s__2110m_30s,0.326786
CD3_20160806_013955_0601m_38s__0601m_48s,0.283739
CD3_20160806_013955_0784m_56s__0785m_06s,0.139920
CD3_20160806_013955_1993m_36s__1993m_46s,0.070129
CD3_20160806_013955_2231m_11s__2231m_21s,0.088716
CD3_20160806_013955_2398m_55s__2399m_05s,0.067078
CD3_20160808_032108_0065m_34s__0065m_44s,0.136328
CD3_20160808_032108_1552m_25s__1552m_35s,0.160436
CD3_20160810_050220_0188m_02s__0188m_12s,0.132653
CD3_20160810_050220_1094m_00s__1094m_10s,0.515654
CD3_20160810_050220_2358m_50s__2359m_00s,0.081515
CD3_20160812_064332_0845m_27s__0845m_37s,0.161830
CD3_20160814_082444_0062m_17s__0062m_27s,0.100243
CD3_20160814_082444_1868m_55s__1869m_05s,0.075391
CD3_20160814_082444_2142m_06s__2142m_16s,0.172892
CD3_20160814_082444_2608m_37s__2608m_47s,0.096779
CD3_20160816_100556_1457m_29s__1457m_39s,0.112867
CD3_20160816_100556_2007m_31s__2007m_41s,0.259789
CD3_20160818_114708_0052m_57s__0053m_07s,0.082505
CD3_20160818_114708_1239m_45s__1239m_55s,0.250843
CD3_20160818_114708_2550m_09s__2550m_19s,0.203177
CD3_20160820_132821_0597m_30s__0597m_40s,0.084663
CD3_20160820_132821_2153m_44s__2153m_54s,0.086986
CD3_20160822_150932_0258m_51s__0259m_01s,0.088861
CD3_20160822_150932_0919m_23s__0919m_33s,0.171854
CD3_20160822_150932_1404m_28s__1404m_38s,0.271149
CD3_20160822_150932_2533m_10s__2533m_20s,0.600364
CD3_20160822_150932_2556m_42s__2556m_52s,0.144195
CD3_20160824_165044_0879m_24s__0879m_34s,0.098754
CD3_20160824_165044_1109m_36s__1109m_46s,0.206381
CD3_20160824_165044_2522m_25s__2522m_35s,0.920328
CD3_20160824_165044_2901m_35s__2901m_45s,0.094786
CD3_20160826_183157_1870m_40s__1870m_50s,0.133230
CLVL2_20160602_135656_1505m_08s__1505m_18s,0.112305
CLVL2_20160602_135656_1810m_16s__1810m_26s,0.956372
CLVL2_20160602_135656_1938m_30s__1938m_40s,0.919514
CLVL2_20160602_135656_2196m_20s__2196m_30s,0.911505
CLVL2_20160602_135656_2569m_59s__2570m_09s,0.929305
CLVL2_20160604_153809_0007m_14s__0007m_24s,0.838040
CLVL2_20160604_153809_1807m_40s__1807m_50s,0.335534
CLVL2_20160604_153809_1922m_12s__1922m_22s,0.402765
CLVL2_20160606_171921_0464m_25s__0464m_35s,0.205078
CLVL2_20160606_171921_1967m_08s__1967m_18s,0.216622
CLVL2_20160608_190033_0259m_55s__0260m_05s,0.926871
CLVL2_20160608_190033_1422m_38s__1422m_48s,0.176167
CLVL2_20160608_190033_2630m_21s__2630m_31s,0.105057
CLVL2_20160610_204145_2101m_29s__2101m_39s,0.904993
CLVL2_20160612_222259_0042m_37s__0042m_47s,0.177452
CLVL2_20160612_222259_0083m_39s__0083m_49s,0.156482
CLVL2_20160612_222259_0814m_04s__0814m_14s,0.966789
CLVL2_20160612_222259_2088m_32s__2088m_42s,0.941036
CLVL2_20160612_222259_2292m_53s__2293m_03s,0.706828
CLVL2_20160617_014524_0062m_37s__0062m_47s,0.863921
CLVL2_20160617_014524_0707m_58s__0708m_08s,0.631460
CLVL2_20160617_014524_0865m_03s__0865m_13s,0.086519
CLVL2_20160617_014524_1896m_46s__1896m_56s,0.923419
CLVL2_20160617_014524_2284m_40s__2284m_50s,0.301801
CLVL2_20160619_032637_0803m_04s__0803m_14s,0.821186
CLVL2_20160619_032637_1315m_24s__1315m_34s,0.429104
CLVL2_20160619_032637_2614m_14s__2614m_24s,0.143037
CLVL2_20160621_050750_1067m_07s__1067m_17s,0.308707
CLVL2_20160621_050750_2214m_57s__2215m_07s,0.103928
CLVL2_20160623_064903_0026m_28s__0026m_38s,0.973171
CLVL2_20160623_064903_0108m_40s__0108m_50s,0.957092
CLVL2_20160623_064903_0527m_32s__0527m_42s,0.305906
CLVL2_20160624_204814_0395m_49s__0395m_59s,0.785515
CLVL2_20160624_204814_1488m_50s__1489m_00s,0.093766
CLVL2_20160626_222929_0188m_13s__0188m_23s,0.094755
CLVL2_20160626_222929_0453m_28s__0453m_38s,0.135393
CLVL2_20160626_222929_1238m_01s__1238m_11s,0.233214
CLVL2_20160626_222929_1599m_15s__1599m_25s,0.080835
CLVL2_20160626_222929_2347m_36s__2347m_46s,0.253966
CLVL2_20160626_222929_2432m_00s__2432m_10s,0.230730
CLVL2_20160626_222929_2877m_30s__2877m_40s,0.382140
CLVL2_20160629_001042_0119m_06s__0119m_16s,0.101069
CLVL2_20160629_001042_0348m_50s__0349m_00s,0.964947
CLVL2_20160629_001042_0358m_25s__0358m_35s,0.955437
CLVL2_20160629_001042_2559m_01s__2559m_11s,0.249756
CLVL2_20160629_001042_2637m_33s__2637m_43s,0.222507
CLVL2_20160703_033309_0161m_42s__0161m_52s,0.495918
CLVL2_20160703_033309_0892m_30s__0892m_40s,0.169263
CLVL2_20160705_051422_0908m_36s__0908m_46s,0.127526
CLVL2_20160705_051422_1813m_20s__1813m_30s,0.208089
CLVL2_20160705_051422_2803m_52s__2804m_02s,0.101666
CLVL2_20160707_065535_1137m_27s__1137m_37s,0.110097
CLVL2_20160709_083649_0013m_37s__0013m_47s,0.069485
CLVL2_20160709_083649_0824m_26s__0824m_36s,0.111604
CLVL2_20160709_083649_1994m_04s__1994m_14s,0.132188
CLVL2_20160711_101803_1922m_14s__1922m_24s,0.465307
CLVL2_20160713_115917_0423m_50s__0424m_00s,0.138149
CLVL2_20160713_115917_1604m_29s__1604m_39s,0.099954
CLVL2_20160715_134031_0194m_35s__0194m_45s,0.120949
CLVL2_20160715_134031_0653m_51s__0654m_01s,0.106551
CLVL2_20160715_134031_0935m_28s__0935m_38s,0.211973
CLVL2_20160715_134031_1866m_54s__1867m_04s,0.413409
CLVL2_20160715_134031_1895m_13s__1895m_23s,0.077787
CLVL2_20160715_134031_1950m_44s__1950m_54s,0.053113
CLVL2_20160715_134031_2759m_40s__2759m_50s,0.111876
CLVL2_20160717_152145_0414m_57s__0415m_07s,0.684187
CLVL2_20160717_152145_2049m_12s__2049m_22s,0.165666
CLVL2_20160717_152145_2393m_35s__2393m_45s,0.844501
CLVL2_20160717_152145_2658m_32s__2658m_42s,0.560812
CLVL2_20160717_152145_2708m_59s__2709m_09s,0.471504
CLVL2_20160719_170257_0056m_11s__0056m_21s,0.445201
CLVL2_20160719_170257_0314m_12s__0314m_22s,0.092935
CLVL2_20160721_184410_1158m_43s__1158m_53s,0.738778
CLVL2_20160721_184410_1363m_41s__1363m_51s,0.104800
CLVL2_20160721_184410_1969m_28s__1969m_38s,0.068943
CLVL2_20160721_184410_2000m_11s__2000m_21s,0.863066
CLVL2_20160723_202522_0625m_50s__0626m_00s,0.102670
CLVL2_20160723_202522_2217m_25s__2217m_35s,0.617461
CLVL4_20160602_154908_0717m_47s__0717m_57s,0.947275
CLVL4_20160602_154908_1357m_03s__1357m_13s,0.272810
CLVL4_20160602_154908_2301m_23s__2301m_33s,0.673615
CLVL4_20160602_154908_2483m_18s__2483m_28s,0.104330
CLVL4_20160602_154908_2552m_52s__2553m_02s,0.284630
CLVL4_20160604_173026_0634m_13s__0634m_23s,0.087444
CLVL4_20160604_173026_1573m_53s__1574m_03s,0.141159
CLVL4_20160604_173026_1713m_32s__1713m_42s,0.073514
CLVL4_20160604_173026_2065m_34s__2065m_44s,0.968337
CLVL4_20160604_173026_2401m_37s__2401m_47s,0.130485
CLVL4_20160604_173026_2504m_00s__2504m_10s,0.530584
CLVL4_20160606_191142_0030m_19s__0030m_29s,0.979599
CLVL4_20160606_191142_0559m_41s__0559m_51s,0.921023
CLVL4_20160606_191142_0964m_32s__0964m_42s,0.152411
CLVL4_20160606_191142_1037m_24s__1037m_34s,0.157085
CLVL4_20160606_191142_1060m_51s__1061m_01s,0.462586
CLVL4_20160606_191142_1372m_12s__1372m_22s,0.106059
CLVL4_20160606_191142_1916m_06s__1916m_16s,0.089190
CLVL4_20160606_191142_2214m_40s__2214m_50s,0.131999
CLVL4_20160606_191142_2329m_55s__2330m_05s,0.269274
CLVL4_20160606_191142_2390m_42s__2390m_52s,0.151332
CLVL4_20160606_191142_2401m_24s__2401m_34s,0.100159
CLVL4_20160606_191142_2909m_17s__2909m_27s,0.083132
CLVL4_20160608_205258_0009m_03s__0009m_13s,0.085093
CLVL4_20160608_205258_0239m_17s__0239m_27s,0.513520
CLVL4_20160608_205258_1208m_21s__1208m_31s,0.311209
CLVL4_20160608_205258_1881m_07s__1881m_17s,0.915774
CLVL4_20160608_205258_2156m_06s__2156m_16s,0.964915
CLVL4_20160608_205258_2210m_40s__2210m_50s,0.966694
CLVL4_20160608_205258_2332m_01s__2332m_11s,0.076033
CLVL4_20160608_205258_2644m_16s__2644m_26s,0.990449
CLVL4_20160608_205258_2760m_43s__2760m_53s,0.773167
CLVL4_20160610_223415_1192m_36s__1192m_46s,0.887959
CLVL4_20160610_223415_2418m_45s__2418m_55s,0.747752
CLVL4_20160613_001533_0465m_53s__0466m_03s,0.099342
CLVL4_20160613_001533_0516m_36s__0516m_46s,0.107188
CLVL4_20160613_001533_0901m_14s__0901m_24s,0.065390
CLVL4_20160615_015650_0516m_28s__0516m_38s,0.737999
CLVL4_20160615_015650_0523m_03s__0523m_13s,0.119305
CLVL4_20160615_015650_2243m_14s__2243m_24s,0.107970
CLVL4_20160615_015650_2394m_09s__2394m_19s,0.161179
CLVL4_20160615_015650_2823m_09s__2823m_19s,0.101651
CLVL4_20160615_015650_2872m_38s__2872m_48s,0.808594
CLVL4_20160617_033807_1936m_56s__1937m_06s,0.431386
CLVL4_20160617_033807_2074m_36s__2074m_46s,0.766511
CLVL4_20160617_033807_2382m_44s__2382m_54s,0.863853
CLVL4_20160617_033807_2499m_32s__2499m_42s,0.862866
CLVL4_20160617_033807_2509m_18s__2509m_28s,0.521647
CLVL4_20160617_033807_2529m_01s__2529m_11s,0.452697
CLVL4_20160617_033807_2757m_37s__2757m_47s,0.505544
CLVL4_20160619_051925_0013m_50s__0014m_00s,0.892476
CLVL4_20160619_051925_1758m_30s__1758m_40s,0.910118
CLVL4_20160619_051925_2223m_05s__2223m_15s,0.940497
CLVL4_20160619_051925_2370m_54s__2371m_04s,0.135256
CLVL4_20160621_070042_0145m_22s__0145m_32s,0.108752
CLVL4_20160621_070042_0805m_49s__0805m_59s,0.091922
CLVL4_20160621_070042_1606m_02s__1606m_12s,0.926017
CLVL4_20160621_070042_2221m_25s__2221m_35s,0.079079
CLVL4_20160621_070042_2394m_49s__2394m_59s,0.695357
CLVL4_20160623_084159_0285m_37s__0285m_47s,0.921505
CLVL4_20160623_084159_0513m_20s__0513m_30s,0.649906
CLVL4_20160623_084159_0555m_50s__0556m_00s,0.543540
CLVL4_20160623_084159_0871m_46s__0871m_56s,0.784066
CLVL4_20160623_084159_0992m_58s__0993m_08s,0.916536
CLVL4_20160623_084159_1031m_16s__1031m_26s,0.676050
CLVL4_20160623_084159_1879m_37s__1879m_47s,0.616621
CLVL4_20160624_192354_2801m_37s__2801m_47s,0.107182
CLVL4_20160626_210512_0220m_02s__0220m_12s,0.535327
CLVL4_20160628_224630_0304m_43s__0304m_53s,0.937529
CLVL4_20160628_224630_1202m_29s__1202m_39s,0.757739
CLVL4_20160628_224630_2025m_04s__2025m_14s,0.117161
CLVL4_20160628_224630_2446m_31s__2446m_41s,0.085954
CLVL4_20160628_224630_2920m_34s__2920m_44s,0.075954
CLVL4_20160701_002747_0476m_07s__0476m_17s,0.925028
CLVL4_20160701_002747_2487m_06s__2487m_16s,0.725324
CLVL4_20160701_002747_2710m_53s__2711m_03s,0.105240
CLVL4_20160703_020906_0018m_53s__0019m_03s,0.097429
CLVL4_20160703_020906_0862m_58s__0863m_08s,0.107499
CLVL4_20160703_020906_0928m_38s__0928m_48s,0.105958
CLVL4_20160703_020906_1594m_39s__1594m_49s,0.630779
CLVL4_20160703_020906_1755m_51s__1756m_01s,0.817030
CLVL4_20160703_020906_2082m_45s__2082m_55s,0.076044
CLVL4_20160703_020906_2139m_47s__2139m_57s,0.273927
CLVL4_20160703_020906_2243m_55s__2244m_05s,0.198288
CLVL4_20160703_020906_2309m_43s__2309m_53s,0.148443
CLVL4_20160705_035024_0724m_09s__0724m_19s,0.133548
CLVL4_20160705_035024_2829m_30s__2829m_40s,0.351695
CLVL4_20160707_053141_2194m_52s__2195m_02s,0.925897
CLVL4_20160709_071259_0840m_47s__0840m_57s,0.835987
CLVL4_20160709_071259_1720m_50s__1721m_00s,0.935262
CLVL4_20160711_085418_0314m_44s__0314m_54s,0.658302
CLVL4_20160711_085418_0488m_14s__0488m_24s,0.668641
CLVL4_20160711_085418_0502m_20s__0502m_30s,0.510791
CLVL4_20160711_085418_1150m_26s__1150m_36s,0.071809
CLVL4_20160711_085418_1761m_04s__1761m_14s,0.342815
CLVL4_20160711_085418_2266m_01s__2266m_11s,0.589987
CLVL4_20160713_103536_0054m_26s__0054m_36s,0.529816
CLVL4_20160713_103536_0199m_58s__0200m_08s,0.593027
CLVL4_20160713_103536_0777m_38s__0777m_48s,0.600482
CLVL4_20160713_103536_1883m_36s__1883m_46s,0.960323
CLVL4_20160715_121655_0548m_20s__0548m_30s,0.141329
CLVL4_20160717_135813_0731m_54s__0732m_04s,0.461023
CLVL4_20160717_135813_1825m_42s__1825m_52s,0.118937
CLVL4_20160717_135813_2476m_41s__2476m_51s,0.072021
CLVL4_20160719_153930_367m_59s__368m_09s,0.244077
CLVL4_20160727_160736_021m_03s__021m_13s,0.873815
CLVL5_20160602_163306_0890m_26s__0890m_36s,0.596275
CLVL5_20160602_163306_2653m_58s__2654m_08s,0.959444
CLVL5_20160604_181421_0544m_46s__0544m_56s,0.704627
CLVL5_20160604_181421_2872m_35s__2872m_45s,0.171658
CLVL5_20160604_181421_2881m_25s__2881m_35s,0.365798
CLVL5_20160606_195535_1100m_07s__1100m_17s,0.132658
CLVL5_20160606_195535_2647m_21s__2647m_31s,0.252852
CLVL5_20160606_195535_2827m_31s__2827m_41s,0.338978
CLVL5_20160608_213649_2760m_37s__2760m_47s,0.408727
CLVL5_20160610_231803_1450m_12s__1450m_22s,0.727125
CLVL5_20160610_231803_1519m_50s__1520m_00s,0.506810
CLVL5_20160610_231803_1544m_22s__1544m_32s,0.528556
CLVL5_20160610_231803_1633m_34s__1633m_44s,0.839938
CLVL5_20160610_231803_2281m_58s__2282m_08s,0.082730
CLVL5_20160613_005919_0108m_48s__0108m_58s,0.828279
CLVL5_20160613_005919_1180m_18s__1180m_28s,0.923081
CLVL5_20160613_005919_1376m_08s__1376m_18s,0.387526
CLVL5_20160613_005919_1933m_06s__1933m_16s,0.948162
CLVL5_20160613_005919_2130m_18s__2130m_28s,0.952193
CLVL5_20160613_005919_2924m_59s__2925m_09s,0.596320
CLVL5_20160615_024034_0911m_36s__0911m_46s,0.853830
CLVL5_20160615_024034_1123m_08s__1123m_18s,0.263057
CLVL5_20160615_024034_2490m_44s__2490m_54s,0.186469
CLVL5_20160619_060304_1235m_19s__1235m_29s,0.085589
CLVL5_20160619_060304_2823m_39s__2823m_49s,0.374110
CLVL5_20160619_060304_2840m_10s__2840m_20s,0.500651
CLVL5_20160621_074419_0412m_15s__0412m_25s,0.488030
CLVL5_20160621_074419_1780m_01s__1780m_11s,0.435798
CLVL5_20160621_074419_2809m_58s__2810m_08s,0.482455
CLVL5_20160623_092534_0686m_28s__0686m_38s,0.571567
CLVL5_20160623_092534_1161m_46s__1161m_56s,0.639586
CLVL5_20160623_092534_1704m_02s__1704m_12s,0.066326
CLVL5_20160624_185002_0162m_01s__0162m_11s,0.450447
CLVL5_20160624_185002_0179m_19s__0179m_29s,0.098259
CLVL5_20160626_203118_0531m_06s__0531m_16s,0.457576
CLVL5_20160626_203118_0750m_44s__0750m_54s,0.894091
CLVL5_20160626_203118_1257m_54s__1258m_04s,0.690615
CLVL5_20160626_203118_2238m_03s__2238m_13s,0.279423
CLVL5_20160626_203118_2940m_03s__2940m_13s,0.318306
CLVL5_20160628_221234_1590m_15s__1590m_25s,0.088098
CLVL5_20160628_221234_2269m_37s__2269m_47s,0.122005
CLVL5_20160628_221234_2400m_20s__2400m_30s,0.086477
CLVL5_20160630_235349_1093m_54s__1094m_04s,0.339136
CLVL5_20160705_031621_0197m_06s__0197m_16s,0.889221
CLVL5_20160705_031621_0899m_21s__0899m_31s,0.124441
CLVL5_20160707_045736_0708m_27s__0708m_37s,0.142997
CLVL5_20160707_045736_1015m_27s__1015m_37s,0.089896
CLVL5_20160707_045736_1322m_02s__1322m_12s,0.469618
CLVL5_20160707_045736_2505m_13s__2505m_23s,0.300309
CLVL5_20160707_045736_2933m_55s__2934m_05s,0.370520
CLVL5_20160709_063852_0138m_03s__0138m_13s,0.479435
CLVL5_20160709_063852_0481m_54s__0482m_04s,0.088979
CLVL5_20160709_063852_0892m_06s__0892m_16s,0.124656
CLVL5_20160709_063852_1483m_45s__1483m_55s,0.460525
CLVL5_20160709_063852_1632m_56s__1633m_06s,0.973415
CLVL5_20160709_063852_1772m_26s__1772m_36s,0.751306
CLVL5_20160709_063852_2254m_05s__2254m_15s,0.963134
CLVL5_20160711_082008_0673m_29s__0673m_39s,0.124569
CLVL5_20160711_082008_1056m_21s__1056m_31s,0.359733
CLVL5_20160711_082008_1262m_16s__1262m_26s,0.321078
CLVL5_20160711_082008_2368m_18s__2368m_28s,0.611615
CLVL5_20160711_082008_2604m_30s__2604m_40s,0.736452
CLVL5_20160713_100125_0784m_00s__0784m_10s,0.093370
CLVL5_20160713_100125_1597m_06s__1597m_16s,0.230660
CLVL5_20160713_100125_2072m_14s__2072m_24s,0.264062
CLVL5_20160713_100125_2223m_08s__2223m_18s,0.430803
CLVL5_20160715_114241_0374m_35s__0374m_45s,0.098123
CLVL5_20160715_114241_0572m_34s__0572m_44s,0.106474
CLVL5_20160715_114241_0789m_53s__0790m_03s,0.124670
CLVL5_20160715_114241_0961m_46s__0961m_56s,0.695786
CLVL5_20160715_114241_2887m_11s__2887m_21s,0.249728
CLVL5_20160717_132357_0969m_58s__0970m_08s,0.888408
CLVL5_20160717_132357_1483m_36s__1483m_46s,0.181603
CLVL5_20160717_132357_2744m_36s__2744m_46s,0.201360
CLVL5_20160719_150511_0370m_50s__0371m_00s,0.102210
CLVL5_20160719_150511_2083m_11s__2083m_21s,0.103545
CLVL5_20160719_150511_2304m_06s__2304m_16s,0.444739
CLVL5_20160721_164626_0839m_40s__0839m_50s,0.563795
CLVL5_20160721_164626_0936m_42s__0936m_52s,0.674392
CLVL5_20160721_164626_1124m_25s__1124m_35s,0.275119
CLVL5_20160721_164626_2771m_54s__2772m_04s,0.446923
CLVL5_20160723_182741_0194m_46s__0194m_56s,0.150999
CLVL5_20160723_182741_0555m_21s__0555m_31s,0.107666
CLVL5_20160723_182741_1598m_56s__1599m_06s,0.113485
FSHCK1_20160726_190204_2018m_04s__2018m_14s,0.171104
FSHCK1_20160726_190204_2104m_18s__2104m_28s,0.396029
FSHCK1_20160726_190204_2762m_20s__2762m_30s,0.299594
FSHCK1_20160730_222437_0094m_55s__0095m_05s,0.338327
FSHCK1_20160730_222437_0526m_59s__0527m_09s,0.163363
FSHCK1_20160730_222437_0553m_41s__0553m_51s,0.078465
FSHCK1_20160730_222437_1318m_02s__1318m_12s,0.299272
FSHCK1_20160730_222437_1905m_37s__1905m_47s,0.202439
FSHCK1_20160730_222437_2701m_26s__2701m_36s,0.128666
FSHCK1_20160802_000552_0709m_53s__0710m_03s,0.203446
FSHCK1_20160802_000552_1076m_29s__1076m_39s,0.259153
FSHCK1_20160802_000552_1875m_19s__1875m_29s,0.194069
FSHCK1_20160804_014707_0900m_24s__0900m_34s,0.193509
FSHCK1_20160804_014707_1573m_08s__1573m_18s,0.157087
FSHCK1_20160804_014707_2451m_15s__2451m_25s,0.117488
FSHCK1_20160804_014707_2642m_45s__2642m_55s,0.189256
FSHCK1_20160806_032822_0169m_38s__0169m_48s,0.202378
FSHCK1_20160806_032822_0512m_51s__0513m_01s,0.357134
FSHCK1_20160806_032822_2374m_42s__2374m_52s,0.284593
FSHCK1_20160808_050938_0167m_15s__0167m_25s,0.137273
FSHCK1_20160808_050938_0344m_36s__0344m_46s,0.567760
FSHCK1_20160808_050938_1372m_24s__1372m_34s,0.280690
FSHCK1_20160808_050938_1926m_36s__1926m_46s,0.099930
FSHCK1_20160810_065053_1038m_19s__1038m_29s,0.089142
FSHCK1_20160810_065053_1223m_04s__1223m_14s,0.096086
FSHCK1_20160810_065053_2929m_52s__2930m_02s,0.427673
FSHCK1_20160812_083207_2277m_38s__2277m_48s,0.282389
FSHCK1_20160812_083207_2508m_40s__2508m_50s,0.072012
FSHCK1_20160812_083207_2900m_32s__2900m_42s,0.440607
FSHCK1_20160814_101322_0152m_55s__0153m_05s,0.736517
FSHCK1_20160814_101322_0820m_09s__0820m_19s,0.415318
FSHCK1_20160816_115438_0205m_18s__0205m_28s,0.192511
FSHCK1_20160816_115438_2083m_35s__2083m_45s,0.100948
FSHCK2_20100401_080051_0727m_37s__0727m_47s,0.089868
FSHCK2_20100401_080051_0768m_36s__0768m_46s,0.136952
FSHCK2_20100401_080051_1661m_53s__1662m_03s,0.156506
FSHCK2_20100401_080051_2055m_58s__2056m_08s,0.135349
FSHCK2_20100401_080051_2729m_46s__2729m_56s,0.073094
FSHCK2_20100401_080051_2892m_34s__2892m_44s,0.122681
FSHCK2_20100403_094207_1066m_41s__1066m_51s,0.088781
FSHCK2_20100403_094207_1191m_44s__1191m_54s,0.241367
FSHCK3_20160625_153654_1106m_15s__1106m_25s,0.074432
FSHCK3_20160627_171810_1481m_20s__1481m_30s,0.198195
FSHCK3_20160629_185925_1712m_39s__1712m_49s,0.112092
FSHCK3_20160629_185925_2753m_29s__2753m_39s,0.970163
FSHCK3_20160629_185925_2754m_34s__2754m_44s,0.205162
FSHCK3_20160701_204040_0062m_50s__0063m_00s,0.316095
FSHCK3_20160701_204040_0386m_16s__0386m_26s,0.154580
FSHCK3_20160701_204040_0470m_59s__0471m_09s,0.099283
FSHCK3_20160701_204040_0980m_34s__0980m_44s,0.083987
FSHCK3_20160701_204040_2706m_59s__2707m_09s,0.109661
FSHCK3_20160703_222156_0147m_56s__0148m_06s,0.869739
FSHCK3_20160703_222156_0295m_42s__0295m_52s,0.326321
FSHCK3_20160703_222156_0531m_18s__0531m_28s,0.173425
FSHCK3_20160703_222156_0618m_14s__0618m_24s,0.081424
FSHCK3_20160703_222156_2017m_59s__2018m_09s,0.082290
FSHCK3_20160703_222156_2503m_57s__2504m_07s,0.317954
FSHCK3_20160706_000310_0398m_50s__0399m_00s,0.534656
FSHCK3_20160706_000310_2407m_12s__2407m_22s,0.293359
FSHCK3_20160706_000310_2748m_08s__2748m_18s,0.099837
FSHCK3_20160708_014425_0610m_32s__0610m_42s,0.098485
FSHCK3_20160708_014425_0812m_26s__0812m_36s,0.787133
FSHCK3_20160708_014425_0833m_02s__0833m_12s,0.109147
FSHCK3_20160708_014425_1967m_01s__1967m_11s,0.082788
FSHCK3_20160708_014425_2042m_53s__2043m_03s,0.100412
FSHCK3_20160708_014425_2052m_27s__2052m_37s,0.229530
FSHCK3_20160710_032540_2684m_16s__2684m_26s,0.103453
FSHCK3_20160710_032540_2867m_21s__2867m_31s,0.446138
FSHCK3_20160712_050656_0507m_37s__0507m_47s,0.105869
FSHCK3_20160712_050656_0785m_01s__0785m_11s,0.109837
FSHCK3_20160712_050656_2011m_12s__2011m_22s,0.505212
FSHCK3_20160714_064812_0255m_41s__0255m_51s,0.082864
FSHCK3_20160714_064812_0537m_32s__0537m_42s,0.069957
FSHCK3_20160714_064812_0645m_59s__0646m_09s,0.122912
FSHCK3_20160714_064812_0739m_31s__0739m_41s,0.081698
FSHCK3_20160714_064812_0826m_03s__0826m_13s,0.095700
FSHCK3_20160714_064812_0894m_33s__0894m_43s,0.078710
FSHCK3_20160716_082928_0762m_22s__0762m_32s,0.143125
FSHCK3_20160716_082928_1976m_26s__1976m_36s,0.119892
FSHCK3_20160716_082928_2019m_19s__2019m_29s,0.112432
FSHCK3_20160716_082928_2507m_04s__2507m_14s,0.347679
FSHCK3_20160718_101043_0303m_09s__0303m_19s,0.500448
FSHCK3_20160718_101043_1580m_22s__1580m_32s,0.107699
FSHCK3_20160718_101043_2635m_51s__2636m_01s,0.441134
FSHCK3_20160720_115157_0412m_48s__0412m_58s,0.081629
FSHCK3_20160720_115157_0519m_06s__0519m_16s,0.890987
FSHCK3_20160720_115157_0673m_32s__0673m_42s,0.739532
FSHCK3_20160720_115157_0759m_10s__0759m_20s,0.980653
FSHCK3_20160720_115157_1777m_41s__1777m_51s,0.365100
FSHCK3_20160720_115157_1844m_39s__1844m_49s,0.314733
FSHCK3_20160720_115157_1924m_06s__1924m_16s,0.116092
FSHCK3_20160720_115157_2896m_52s__2897m_02s,0.082643
FSHCK3_20160722_133312_0123m_15s__0123m_25s,0.764874
FSHCK3_20160722_133312_0599m_08s__0599m_18s,0.436190
FSHCK3_20160722_133312_0941m_09s__0941m_19s,0.242054
FSHCK4_20160625_162706_1299m_26s__1299m_36s,0.278626
FSHCK4_20160627_180821_0111m_03s__0111m_13s,0.364701
FSHCK4_20160627_180821_0173m_09s__0173m_19s,0.355416
FSHCK4_20160627_180821_1229m_51s__1230m_01s,0.111129
FSHCK4_20160627_180821_2328m_17s__2328m_27s,0.561755
FSHCK4_20160629_194935_0237m_49s__0237m_59s,0.170694
FSHCK4_20160629_194935_0922m_13s__0922m_23s,0.093655
FSHCK4_20160629_194935_1004m_21s__1004m_31s,0.085781
FSHCK4_20160701_213049_0044m_58s__0045m_08s,0.312098
FSHCK4_20160701_213049_0192m_33s__0192m_43s,0.110303
FSHCK4_20160701_213049_1663m_43s__1663m_53s,0.107395
FSHCK4_20160701_213049_2328m_21s__2328m_31s,0.107972
FSHCK4_20160701_213049_2706m_11s__2706m_21s,0.207391
FSHCK4_20160703_231204_0318m_48s__0318m_58s,0.226605
FSHCK4_20160703_231204_2238m_18s__2238m_28s,0.361010
FSHCK4_20160703_231204_2287m_04s__2287m_14s,0.525293
FSHCK4_20160706_005318_0209m_40s__0209m_50s,0.434832
FSHCK4_20160708_023432_0781m_02s__0781m_12s,0.400808
FSHCK4_20160708_023432_1106m_10s__1106m_20s,0.101456
FSHCK4_20160708_023432_1170m_54s__1171m_04s,0.095326
ICERD_20160728_181905_0243m_57s__0244m_07s,0.106292
ICERD_20160728_181905_0444m_00s__0444m_10s,0.058251
ICERD_20160728_181905_1139m_54s__1140m_04s,0.160399
ICERD_20160728_181905_1907m_26s__1907m_36s,0.124990
ICERD_20160730_200018_2004m_57s__2005m_07s,0.059503
ICERD_20160730_200018_2176m_43s__2176m_53s,0.199575
ICERD_20160730_200018_2343m_22s__2343m_32s,0.210117
ICERD_20160801_214130_1524m_58s__1525m_08s,0.126006
ICERD_20160801_214130_1560m_58s__1561m_08s,0.297642
ICERD_20160801_214130_2396m_44s__2396m_54s,0.282219
ICERD_20160801_214130_2911m_38s__2911m_48s,0.091468
ICERD_20160806_010352_1225m_15s__1225m_25s,0.499428
ICERD_20160806_010352_1900m_47s__1900m_57s,0.685742
ICERD_20160806_010352_2408m_48s__2408m_58s,0.106479
ICERD_20160808_024504_0516m_29s__0516m_39s,0.061559
ICERD_20160808_024504_2387m_59s__2388m_09s,0.107010
ICERD_20160808_024504_2494m_25s__2494m_35s,0.101330
ICERD_20160808_024504_2884m_18s__2884m_28s,0.131374
ICERD_20160810_042615_0260m_08s__0260m_18s,0.160264
ICERD_20160810_042615_1146m_30s__1146m_40s,0.137945
ICERD_20160810_042615_1270m_54s__1271m_04s,0.090489
ICERD_20160814_074838_0292m_31s__0292m_41s,0.517251
ICERD_20160814_074838_0530m_34s__0530m_44s,0.364225
ICERD_20160814_074838_1056m_29s__1056m_39s,0.329782
ICERD_20160814_074838_2431m_40s__2431m_50s,0.074992
ICERD_20160814_074838_2619m_34s__2619m_44s,0.098623
ICERD_20160816_092949_0284m_45s__0284m_55s,0.409996
ICERD_20160816_092949_0449m_05s__0449m_15s,0.095735
ICERD_20160816_092949_0510m_20s__0510m_30s,0.375402
ICERD_20160818_111101_1585m_06s__1585m_16s,0.693112
ICERD_20160818_111101_1817m_07s__1817m_17s,0.092523
ICERD_20160818_111101_2001m_51s__2002m_01s,0.292927
ICERD_20160818_111101_2435m_35s__2435m_45s,0.062238
ICERD_20160818_111101_2552m_41s__2552m_51s,0.080158
ICERD_20160820_125212_0107m_19s__0107m_29s,0.318294
ICERD_20160820_125212_0251m_24s__0251m_34s,0.087617
ICERD_20160820_125212_0875m_45s__0875m_55s,0.088356
ICERD_20160820_125212_2182m_28s__2182m_38s,0.101716
ICERD_20160822_143323_2056m_59s__2057m_09s,0.194641
ICERD_20160822_143323_2206m_12s__2206m_22s,0.133991
ICERD_20160822_143323_2480m_24s__2480m_34s,0.951275
ICERD_20160822_143323_2555m_09s__2555m_19s,0.108069
ICERD_20160822_143323_2696m_08s__2696m_18s,0.626426
ICERD_20160824_161434_0373m_50s__0374m_00s,0.175883
ICERD_20160824_161434_1318m_04s__1318m_14s,0.132370
ICERD_20160824_161434_1683m_32s__1683m_42s,0.121867
ICERD_20160824_161434_1928m_06s__1928m_16s,0.119825
ICERD_20160824_161434_2385m_49s__2385m_59s,0.105847
ICERD_20160826_175546_0332m_26s__0332m_36s,0.075467
ICERD_20160826_175546_0760m_39s__0760m_49s,0.463765
ICERD_20160826_175546_0986m_50s__0987m_00s,0.808475
ICERD_20160826_175546_2215m_36s__2215m_46s,0.113789
ITK01_20160602_130218_0468m_13s__0468m_23s,0.903773
ITK01_20160602_130218_0902m_22s__0902m_32s,0.823340
ITK01_20160602_130218_2404m_50s__2405m_00s,0.905554
ITK01_20160604_144334_0252m_00s__0252m_10s,0.866866
ITK01_20160604_144334_0739m_25s__0739m_35s,0.604525
ITK01_20160604_144334_1440m_20s__1440m_30s,0.121992
ITK01_20160604_144334_2739m_35s__2739m_45s,0.170505
ITK01_20160606_162446_1760m_29s__1760m_39s,0.833594
ITK01_20160606_162446_2110m_07s__2110m_17s,0.949665
ITK01_20160608_180558_0352m_16s__0352m_26s,0.934270
ITK01_20160608_180558_0597m_35s__0597m_45s,0.491743
ITK01_20160608_180558_1129m_18s__1129m_28s,0.277447
ITK01_20160608_180558_2247m_06s__2247m_16s,0.780329
ITK01_20160608_180558_2592m_53s__2593m_03s,0.242571
ITK01_20160610_194708_0559m_25s__0559m_35s,0.866112
ITK01_20160610_194708_0925m_44s__0925m_54s,0.686569
ITK01_20160610_194708_2455m_51s__2456m_01s,0.427185
ITK01_20160612_212822_1108m_54s__1109m_04s,0.696331
ITK01_20160612_212822_2313m_38s__2313m_48s,0.096741
ITK01_20160612_212822_2920m_19s__2920m_29s,0.387526
ITK01_20160614_230934_1546m_12s__1546m_22s,0.193232
ITK01_20160614_230934_2479m_28s__2479m_38s,0.859433
ITK01_20160614_230934_2498m_12s__2498m_22s,0.109929
ITK01_20160614_230934_2795m_02s__2795m_12s,0.176627
ITK01_20160617_005046_1116m_22s__1116m_32s,0.449800
ITK01_20160617_005046_1736m_29s__1736m_39s,0.833233
ITK01_20160617_005046_2295m_33s__2295m_43s,0.907141
ITK01_20160617_005046_2579m_26s__2579m_36s,0.612898
ITK01_20160619_023158_1247m_22s__1247m_32s,0.532558
ITK01_20160619_023158_1939m_28s__1939m_38s,0.724838
ITK01_20160619_023158_2299m_52s__2300m_02s,0.751791
ITK01_20160619_023158_2709m_07s__2709m_17s,0.105412
ITK01_20160621_041310_0246m_54s__0247m_04s,0.132932
ITK01_20160621_041310_0405m_44s__0405m_54s,0.304276
ITK01_20160621_041310_2024m_02s__2024m_12s,0.108585
ITK01_20160621_041310_2136m_34s__2136m_44s,0.118526
ITK01_20160621_041310_2165m_18s__2165m_28s,0.229057
ITK01_20160623_055422_138m_23s__138m_33s,0.922440
ITKILLIK1_20160623_194501_0338m_24s__0338m_34s,0.449475
ITKILLIK1_20160623_194501_1732m_29s__1732m_39s,0.209663
ITKILLIK1_20160623_194501_1817m_58s__1818m_08s,0.237948
ITKILLIK1_20160623_194501_1945m_22s__1945m_32s,0.661951
ITKILLIK1_20160623_194501_2153m_48s__2153m_58s,0.949292
ITKILLIK1_20160623_194501_2260m_51s__2261m_01s,0.880704
ITKILLIK1_20160625_212615_0130m_07s__0130m_17s,0.120198
ITKILLIK1_20160625_212615_0621m_31s__0621m_41s,0.417251
ITKILLIK1_20160625_212615_1525m_38s__1525m_48s,0.141077
ITKILLIK1_20160625_212615_1546m_16s__1546m_26s,0.117393
ITKILLIK1_20160625_212615_1789m_30s__1789m_40s,0.454794
ITKILLIK1_20160625_212615_2877m_49s__2877m_59s,0.205791
ITKILLIK1_20160627_230728_0161m_32s__0161m_42s,0.636216
ITKILLIK1_20160627_230728_0613m_14s__0613m_24s,0.352427
ITKILLIK1_20160627_230728_1653m_11s__1653m_21s,0.100424
ITKILLIK1_20160630_004840_0038m_21s__0038m_31s,0.112672
ITKILLIK1_20160630_004840_1314m_23s__1314m_33s,0.099084
ITKILLIK1_20160702_022953_1127m_19s__1127m_29s,0.156676
ITKILLIK1_20160702_022953_2190m_56s__2191m_06s,0.102081
ITKILLIK1_20160702_022953_2212m_58s__2213m_08s,0.217675
ITKILLIK1_20160702_022953_2653m_15s__2653m_25s,0.136004
ITKILLIK1_20160704_041106_1062m_20s__1062m_30s,0.102362
ITKILLIK1_20160704_041106_1278m_24s__1278m_34s,0.118790
ITKILLIK1_20160706_055218_0567m_52s__0568m_02s,0.108230
ITKILLIK1_20160706_055218_1216m_17s__1216m_27s,0.123570
ITKILLIK1_20160706_055218_2716m_44s__2716m_54s,0.130804
ITKILLIK1_20160708_073331_0304m_59s__0305m_09s,0.217035
ITKILLIK1_20160708_073331_0732m_16s__0732m_26s,0.121714
ITKILLIK1_20160708_073331_1186m_50s__1187m_00s,0.110262
ITKILLIK1_20160708_073331_2871m_04s__2871m_14s,0.216918
ITKILLIK1_20160710_091444_0437m_54s__0438m_04s,0.146599
ITKILLIK1_20160710_091444_0933m_13s__0933m_23s,0.143293
ITKILLIK1_20160710_091444_0974m_18s__0974m_28s,0.468248
ITKILLIK1_20160710_091444_1032m_08s__1032m_18s,0.152037
ITKILLIK1_20160710_091444_2017m_51s__2018m_01s,0.094743
ITKILLIK1_20160710_091444_2392m_59s__2393m_09s,0.182097
ITKILLIK1_20160712_105557_2581m_02s__2581m_12s,0.120188
ITKILLIK1_20160714_123710_0640m_36s__0640m_46s,0.222406
ITKILLIK1_20160714_123710_0644m_33s__0644m_43s,0.508094
ITKILLIK1_20160714_123710_0749m_36s__0749m_46s,0.092724
ITKILLIK1_20160714_123710_1409m_33s__1409m_43s,0.225785
ITKILLIK1_20160714_123710_1560m_25s__1560m_35s,0.242226
ITKILLIK1_20160714_123710_1568m_50s__1569m_00s,0.095992
ITKILLIK1_20160714_123710_1930m_11s__1930m_21s,0.752914
ITKILLIK1_20160714_123710_2326m_55s__2327m_05s,0.196379
ITKILLIK1_20160716_141823_0006m_52s__0007m_02s,0.252466
ITKILLIK1_20160716_141823_2023m_34s__2023m_44s,0.086675
ITKILLIK1_20160718_155936_0219m_39s__0219m_49s,0.136342
ITKILLIK1_20160718_155936_1377m_08s__1377m_18s,0.095076
ITKILLIK1_20160718_155936_1661m_10s__1661m_20s,0.161836
ITKILLIK1_20160718_155936_1792m_44s__1792m_54s,0.089852
ITKILLIK1_20160720_174047_1107m_16s__1107m_26s,0.163520
ITKILLIK1_20160720_174047_1611m_59s__1612m_09s,0.181267
ITKILLIK1_20160720_174047_1631m_19s__1631m_29s,0.245297
ITKILLIK1_20160720_174047_2317m_34s__2317m_44s,0.733555
ITKILLIK1_20160722_192159_0459m_42s__0459m_52s,0.099410
ITKILLIK1_20160722_192159_0647m_30s__0647m_40s,0.139234
ITKILLIK1_20160722_192159_2377m_26s__2377m_36s,0.632069
ITKILLIK1_20160722_192159_2445m_49s__2445m_59s,0.153545
ITKILLIK1_20160722_192159_2548m_54s__2549m_04s,0.168746
ITKILLIK1_20160727_135107_0345m_59s__0346m_09s,0.749064
ITKILLIK1_20160727_135107_1266m_47s__1266m_57s,0.167585
ITKILLIK1_20160727_135107_1675m_10s__1675m_20s,0.085861
ITKILLIK1_20160727_135107_1960m_05s__1960m_15s,0.080526
ITKILLIK1_20160729_153220_0483m_23s__0483m_33s,0.511438
ITKILLIK1_20160729_153220_0823m_04s__0823m_14s,0.116529
ITKILLIK1_20160729_153220_1156m_17s__1156m_27s,0.067388
ITKILLIK1_20160729_153220_1242m_45s__1242m_55s,0.134850
ITKILLIK1_20160731_171332_2555m_36s__2555m_46s,0.369315
ITKILLIK1_20160802_185445_0297m_06s__0297m_16s,0.433939
ITKILLIK1_20160802_185445_0652m_32s__0652m_42s,0.593364
ITKILLIK1_20160802_185445_0687m_26s__0687m_36s,0.451250
ITKILLIK1_20160802_185445_1337m_04s__1337m_14s,0.075438
ITKILLIK1_20160802_185445_1926m_28s__1926m_38s,0.109524
ITKILLIK1_20160802_185445_2391m_33s__2391m_43s,0.298303
ITKILLIK1_20160804_203556_0061m_19s__0061m_29s,0.323109
ITKILLIK1_20160804_203556_0643m_10s__0643m_20s,0.444471
ITKILLIK1_20160804_203556_0756m_41s__0756m_51s,0.276212
ITKILLIK1_20160804_203556_1496m_38s__1496m_48s,0.221867
ITKILLIK1_20160806_221708_0709m_23s__0709m_33s,0.444586
ITKILLIK1_20160806_221708_1103m_24s__1103m_34s,0.256957
ITKILLIK1_20160806_221708_1193m_10s__1193m_20s,0.163243
ITKILLIK1_20160806_221708_1685m_38s__1685m_48s,0.140980
ITKILLIK1_20160806_221708_1925m_04s__1925m_14s,0.374426
ITKILLIK1_20160808_235821_0617m_41s__0617m_51s,0.146368
ITKILLIK1_20160808_235821_0758m_42s__0758m_52s,0.101936
ITKILLIK1_20160808_235821_0831m_22s__0831m_32s,0.397349
ITKILLIK1_20160808_235821_1632m_42s__1632m_52s,0.086472
ITKILLIK1_20160808_235821_1915m_32s__1915m_42s,0.859526
ITKILLIK1_20160811_013933_0175m_04s__0175m_14s,0.106187
ITKILLIK1_20160811_013933_1950m_41s__1950m_51s,0.167464
ITKILLIK1_20160811_013933_2045m_17s__2045m_27s,0.253657
ITKILLIK1_20160813_032044_0896m_52s__0897m_02s,0.165736
ITKILLIK1_20160813_032044_1687m_10s__1687m_20s,0.486558
ITKILLIK1_20160813_032044_2145m_41s__2145m_51s,0.289865
ITKILLIK1_20160813_032044_2695m_25s__2695m_35s,0.481128
ITKILLIK1_20160815_050156_0564m_53s__0565m_03s,0.566730
ITKILLIK1_20160815_050156_2581m_56s__2582m_06s,0.094577
ITKILLIK1_20160815_050156_2829m_33s__2829m_43s,0.260131
ITKILLIK1_20160817_064308_0681m_25s__0681m_35s,0.095661
ITKILLIK1_20160817_064308_0888m_01s__0888m_11s,0.106571
ITKILLIK1_20160817_064308_2078m_48s__2078m_58s,0.241648
ITKILLIK1_20160817_064308_2552m_25s__2552m_35s,0.100151
ITKILLIK1_20160819_082421_2235m_04s__2235m_14s,0.131520
ITKILLIK1_20160821_100532_0286m_05s__0286m_15s,0.125709
ITKILLIK1_20160821_100532_1935m_27s__1935m_37s,0.089280
ITKILLIK1_20160823_114644_0000m_00s__0000m_10s,0.203918
ITKILLIK1_20160823_114644_0441m_33s__0441m_43s,0.227083
ITKILLIK1_20160823_114644_0540m_13s__0540m_23s,0.106300
ITKILLIK1_20160823_114644_0997m_30s__0997m_40s,0.178393
ITKILLIK1_20160823_114644_1794m_11s__1794m_21s,0.197076
ITKILLIK1_20160825_132756_0188m_53s__0189m_03s,0.106704
ITKILLIK1_20160825_132756_1312m_44s__1312m_54s,0.449014
ITKILLIK1_20160825_132756_1320m_17s__1320m_27s,0.469067
ITKILLIK1_20160825_132756_2146m_09s__2146m_19s,0.509350
ITKILLIK1_20160825_132756_2175m_43s__2175m_53s,0.493065
ITKILLIK1_20160825_132756_2192m_28s__2192m_38s,0.444531
ITKILLIK2_20160626_172259_1923m_53s__1924m_03s,0.110710
ITKILLIK2_20160626_172259_2184m_56s__2185m_06s,0.203325
ITKILLIK2_20160626_172259_2568m_18s__2568m_28s,0.473993
ITKILLIK2_20160626_172259_2603m_56s__2604m_06s,0.138312
ITKILLIK2_20160628_190415_0358m_31s__0358m_41s,0.474004
ITKILLIK2_20160628_190415_2744m_55s__2745m_05s,0.091239
ITKILLIK2_20160630_204531_2664m_28s__2664m_38s,0.104227
ITKILLIK2_20160702_222647_0285m_51s__0286m_01s,0.108452
ITKILLIK2_20160705_000803_0288m_17s__0288m_27s,0.121717
ITKILLIK2_20160705_000803_1916m_43s__1916m_53s,0.382686
ITKILLIK2_20160707_014919_0310m_43s__0310m_53s,0.071503
ITKILLIK2_20160707_014919_1917m_50s__1918m_00s,0.104429
ITKILLIK2_20160707_014919_2668m_15s__2668m_25s,0.142463
ITKILLIK2_20160707_014919_2905m_54s__2906m_04s,0.097646
ITKILLIK2_20160709_033035_0413m_07s__0413m_17s,0.862885
ITKILLIK2_20160709_033035_0511m_41s__0511m_51s,0.083436
ITKILLIK2_20160709_033035_0639m_57s__0640m_07s,0.077472
ITKILLIK2_20160709_033035_0695m_14s__0695m_24s,0.280150
ITKILLIK2_20160709_033035_0747m_44s__0747m_54s,0.100118
ITKILLIK2_20160709_033035_0860m_35s__0860m_45s,0.144540
ITKILLIK2_20160709_033035_0901m_18s__0901m_28s,0.073741
ITKILLIK2_20160709_033035_1034m_04s__1034m_14s,0.071247
ITKILLIK2_20160709_033035_2017m_54s__2018m_04s,0.138660
ITKILLIK2_20160711_051151_0281m_32s__0281m_42s,0.568563
ITKILLIK2_20160711_051151_0733m_08s__0733m_18s,0.128033
ITKILLIK2_20160711_051151_0734m_34s__0734m_44s,0.177296
ITKILLIK2_20160711_051151_0931m_36s__0931m_46s,0.221982
ITKILLIK2_20160711_051151_1865m_49s__1865m_59s,0.107181
ITKILLIK2_20160711_051151_1890m_26s__1890m_36s,0.089245
ITKILLIK2_20160711_051151_2234m_18s__2234m_28s,0.344066
ITKILLIK2_20160713_065308_1355m_40s__1355m_50s,0.609061
ITKILLIK2_20160713_065308_1518m_31s__1518m_41s,0.197055
ITKILLIK2_20160713_065308_1702m_32s__1702m_42s,0.116522
ITKILLIK2_20160713_065308_1763m_03s__1763m_13s,0.424995
ITKILLIK2_20160713_065308_1888m_18s__1888m_28s,0.122234
ITKILLIK2_20160713_065308_2085m_15s__2085m_25s,0.919121
ITKILLIK2_20160715_083425_0323m_35s__0323m_45s,0.192755
ITKILLIK2_20160715_083425_1547m_39s__1547m_49s,0.144397
ITKILLIK2_20160715_083425_2198m_27s__2198m_37s,0.090302
ITKILLIK2_20160715_083425_2216m_37s__2216m_47s,0.280073
ITKILLIK2_20160717_101541_1873m_49s__1873m_59s,0.197547
ITKILLIK2_20160717_101541_2187m_14s__2187m_24s,0.153799
ITKILLIK2_20160719_115656_1327m_59s__1328m_09s,0.125131
ITKILLIK2_20160719_115656_1632m_30s__1632m_40s,0.139575
ITKILLIK2_20160719_115656_2929m_51s__2930m_01s,0.190156
ITKILLIK2_20160719_115656_2933m_20s__2933m_30s,0.104596
ITKILLIK2_20160721_133811_0325m_31s__0325m_41s,0.101374
ITKILLIK2_20160721_133811_1692m_56s__1693m_06s,0.076541
ITKILLIK2_20160721_133811_2848m_20s__2848m_30s,0.060011
ITKILLIK2_20160723_151926_0015m_11s__0015m_21s,0.332743
ITKILLIK2_20160723_151926_0248m_37s__0248m_47s,0.078775
ITKILLIK2_20160723_151926_0753m_34s__0753m_44s,0.059569
ITKILLIK2_20160723_151926_0791m_42s__0791m_52s,0.080633
ITKILLIK2_20160723_151926_0837m_19s__0837m_29s,0.087124
ITKILLIK2_20160723_151926_1787m_27s__1787m_37s,0.248530
ITKILLIK2_20160725_170041_118m_42s__118m_52s,0.090519
ITKILLIK2_20160728_171820_0875m_44s__0875m_54s,0.171617
ITKILLIK2_20160728_171820_1330m_25s__1330m_35s,0.288824
ITKILLIK2_20160728_171820_1829m_35s__1829m_45s,0.251139
ITKILLIK2_20160728_171820_2060m_22s__2060m_32s,0.154562
ITKILLIK2_20160730_185936_0063m_21s__0063m_31s,0.110363
ITKILLIK2_20160730_185936_1428m_57s__1429m_07s,0.428983
ITKILLIK2_20160730_185936_1542m_34s__1542m_44s,0.242603
ITKILLIK2_20160801_204052_0249m_03s__0249m_13s,0.096435
ITKILLIK2_20160801_204052_1253m_47s__1253m_57s,0.269301
ITKILLIK2_20160801_204052_2057m_03s__2057m_13s,0.128948
ITKILLIK2_20160803_222207_0518m_06s__0518m_16s,0.098269
ITKILLIK2_20160803_222207_1594m_32s__1594m_42s,0.075878
ITKILLIK2_20160803_222207_2461m_33s__2461m_43s,0.100142
ITKILLIK2_20160806_000321_1352m_51s__1353m_01s,0.156804
ITKILLIK2_20160806_000321_2379m_09s__2379m_19s,0.198958
ITKILLIK2_20160808_014437_0832m_06s__0832m_16s,0.100182
ITKILLIK2_20160808_014437_0854m_37s__0854m_47s,0.085046
ITKILLIK2_20160808_014437_0932m_18s__0932m_28s,0.192283
ITKILLIK2_20160808_014437_1852m_04s__1852m_14s,0.138624
ITKILLIK2_20160808_014437_2778m_32s__2778m_42s,0.195584
ITKILLIK2_20160810_032552_1756m_52s__1757m_02s,0.228276
ITKILLIK2_20160812_050707_0275m_49s__0275m_59s,0.070759
ITKILLIK2_20160812_050707_1928m_32s__1928m_42s,0.333498
ITKILLIK2_20160812_050707_2462m_04s__2462m_14s,0.115591
ITKILLIK2_20160814_064822_0075m_04s__0075m_14s,0.529263
ITKILLIK2_20160814_064822_0497m_56s__0498m_06s,0.249448
ITKILLIK2_20160814_064822_0810m_04s__0810m_14s,0.100072
ITKILLIK2_20160814_064822_1524m_49s__1524m_59s,0.578871
ITKILLIK2_20160814_064822_1734m_46s__1734m_56s,0.573753
ITKILLIK2_20160814_064822_1787m_23s__1787m_33s,0.095900
ITKILLIK2_20160814_064822_2416m_03s__2416m_13s,0.088201
ITKILLIK2_20160814_064822_2494m_23s__2494m_33s,0.074528
ITKILLIK2_20160814_064822_2495m_22s__2495m_32s,0.154493
ITKILLIK2_20160816_082938_0458m_04s__0458m_14s,0.838464
ITKILLIK2_20160816_082938_0784m_06s__0784m_16s,0.145213
ITKILLIK2_20160816_082938_0859m_29s__0859m_39s,0.088980
ITKILLIK2_20160816_082938_0987m_24s__0987m_34s,0.134921
ITKILLIK2_20160816_082938_1411m_28s__1411m_38s,0.810801
ITKILLIK2_20160816_082938_1491m_52s__1492m_02s,0.177558
ITKILLIK2_20160816_082938_2339m_28s__2339m_38s,0.084083
ITKILLIK2_20160818_101053_0759m_31s__0759m_41s,0.134571
NIGLIQ1_20160603_170946_1892m_37s__1892m_47s,0.337900
NIGLIQ1_20160603_170946_2490m_26s__2490m_36s,0.848022
NIGLIQ1_20160605_185101_0220m_31s__0220m_41s,0.304373
NIGLIQ1_20160605_185101_0873m_57s__0874m_07s,0.980937
NIGLIQ1_20160605_185101_2100m_25s__2100m_35s,0.977393
NIGLIQ1_20160605_185101_2430m_36s__2430m_46s,0.304836
NIGLIQ1_20160605_185101_2651m_50s__2652m_00s,0.955572
NIGLIQ1_20160607_203214_0642m_43s__0642m_53s,0.162003
NIGLIQ1_20160607_203214_0741m_54s__0742m_04s,0.715563
NIGLIQ1_20160607_203214_0958m_09s__0958m_19s,0.784885
NIGLIQ1_20160607_203214_1389m_06s__1389m_16s,0.115412
NIGLIQ1_20160607_203214_2271m_38s__2271m_48s,0.179865
NIGLIQ1_20160607_203214_2702m_27s__2702m_37s,0.119123
NIGLIQ1_20160609_221328_0926m_02s__0926m_12s,0.417907
NIGLIQ1_20160609_221328_2317m_12s__2317m_22s,0.350796
NIGLIQ1_20160611_235442_0138m_14s__0138m_24s,0.345727
NIGLIQ1_20160611_235442_0297m_24s__0297m_34s,0.958972
NIGLIQ1_20160611_235442_1524m_02s__1524m_12s,0.250782
NIGLIQ1_20160611_235442_2627m_33s__2627m_43s,0.069806
NIGLIQ1_20160614_013557_0463m_42s__0463m_52s,0.890298
NIGLIQ1_20160614_013557_0587m_48s__0587m_58s,0.902565
NIGLIQ1_20160614_013557_0688m_13s__0688m_23s,0.935521
NIGLIQ1_20160616_031711_1208m_28s__1208m_38s,0.111102
NIGLIQ1_20160618_045825_0377m_18s__0377m_28s,0.725691
NIGLIQ1_20160618_045825_0620m_02s__0620m_12s,0.657626
NIGLIQ1_20160618_045825_1593m_55s__1594m_05s,0.604868
NIGLIQ1_20160618_045825_1628m_03s__1628m_13s,0.792481
NIGLIQ1_20160618_045825_2256m_06s__2256m_16s,0.467090
NIGLIQ1_20160618_045825_2341m_22s__2341m_32s,0.526578
NIGLIQ1_20160618_045825_2532m_28s__2532m_38s,0.350521
NIGLIQ1_20160618_045825_2688m_19s__2688m_29s,0.337946
NIGLIQ1_20160620_063940_0422m_33s__0422m_43s,0.973026
NIGLIQ1_20160620_063940_2255m_30s__2255m_40s,0.211209
NIGLIQ1_20160622_082053_0657m_44s__0657m_54s,0.880372
NIGLIQ2_20160623_173536_0991m_13s__0991m_23s,0.620859
NIGLIQ2_20160623_173536_2152m_13s__2152m_23s,0.244156
NIGLIQ2_20160623_173536_2681m_25s__2681m_35s,0.925094
NIGLIQ2_20160625_191653_0082m_17s__0082m_27s,0.085066
NIGLIQ2_20160625_191653_0400m_26s__0400m_36s,0.069129
NIGLIQ2_20160625_191653_0989m_45s__0989m_55s,0.070201
NIGLIQ2_20160625_191653_1158m_59s__1159m_09s,0.113225
NIGLIQ2_20160625_191653_2095m_21s__2095m_31s,0.774344
NIGLIQ2_20160625_191653_2824m_54s__2825m_04s,0.802984
NIGLIQ2_20160627_205807_0675m_20s__0675m_30s,0.793978
NIGLIQ2_20160627_205807_0900m_41s__0900m_51s,0.473004
NIGLIQ2_20160627_205807_2409m_39s__2409m_49s,0.647457
NIGLIQ2_20160629_223922_0488m_34s__0488m_44s,0.143293
NIGLIQ2_20160629_223922_1376m_01s__1376m_11s,0.101156
NIGLIQ2_20160629_223922_1521m_03s__1521m_13s,0.249112
NIGLIQ2_20160702_002037_0944m_00s__0944m_10s,0.085946
NIGLIQ2_20160702_002037_1368m_33s__1368m_43s,0.269898
NIGLIQ2_20160704_020152_1256m_37s__1256m_47s,0.098970
NIGLIQ2_20160704_020152_2619m_06s__2619m_16s,0.127956
NIGLIQ2_20160706_034307_0462m_32s__0462m_42s,0.144912
NIGLIQ2_20160706_034307_1335m_19s__1335m_29s,0.344002
NIGLIQ2_20160706_034307_1852m_19s__1852m_29s,0.114943
NIGLIQ2_20160706_034307_2188m_23s__2188m_33s,0.095918
NIGLIQ2_20160706_034307_2362m_50s__2363m_00s,0.088816
NIGLIQ2_20160706_034307_2392m_29s__2392m_39s,0.138948
NIGLIQ2_20160708_052422_0329m_18s__0329m_28s,0.382237
NIGLIQ2_20160708_052422_2684m_42s__2684m_52s,0.103988
NIGLIQ2_20160708_052422_2721m_00s__2721m_10s,0.393356
NIGLIQ2_20160710_070537_0709m_23s__0709m_33s,0.097296
NIGLIQ2_20160710_070537_0713m_41s__0713m_51s,0.157808
NIGLIQ2_20160710_070537_1148m_23s__1148m_33s,0.152513
NIGLIQ2_20160710_070537_2271m_26s__2271m_36s,0.105241
NIGLIQ2_20160712_084653_0124m_29s__0124m_39s,0.112392
NIGLIQ2_20160712_084653_2151m_00s__2151m_10s,0.155542
NIGLIQ2_20160714_102809_2099m_20s__2099m_30s,0.242783
NIGLIQ2_20160714_102809_2735m_17s__2735m_27s,0.068038
NIGLIQ2_20160716_120925_1582m_04s__1582m_14s,0.120911
NIGLIQ2_20160716_120925_1958m_38s__1958m_48s,0.298978
NIGLIQ2_20160716_120925_2023m_26s__2023m_36s,0.091721
NIGLIQ2_20160718_135040_0179m_26s__0179m_36s,0.135075
NIGLIQ2_20160718_135040_1997m_37s__1997m_47s,0.089703
NIGLIQ2_20160720_153154_0276m_28s__0276m_38s,0.105259
NIGLIQ2_20160720_153154_0917m_36s__0917m_46s,0.101683
NIGLIQ2_20160720_153154_0952m_54s__0953m_04s,0.277821
NIGLIQ2_20160720_153154_1790m_51s__1791m_01s,0.105961
NIGLIQ2_20160722_171308_0787m_07s__0787m_17s,0.321177
NIGLIQ2_20160722_171308_0827m_10s__0827m_20s,0.551360
NIGLIQ2_20160722_171308_2196m_28s__2196m_38s,0.131444
OCNPT3_20160602_144316_0966m_27s__0966m_37s,0.429375
OCNPT3_20160602_144316_1344m_29s__1344m_39s,0.436456
OCNPT3_20160602_144316_2032m_26s__2032m_36s,0.592871
OCNPT3_20160602_144316_2931m_45s__2931m_55s,0.650085
OCNPT3_20160604_162436_0931m_41s__0931m_51s,0.329068
OCNPT3_20160604_162436_1446m_52s__1447m_02s,0.205533
OCNPT3_20160606_180548_2471m_53s__2472m_03s,0.667320
OCNPT3_20160608_194702_0770m_44s__0770m_54s,0.160155
OCNPT3_20160608_194702_2548m_31s__2548m_41s,0.472703
OCNPT3_20160610_212816_1797m_34s__1797m_44s,0.907039
OCNPT3_20160610_212816_2499m_10s__2499m_20s,0.877211
OCNPT3_20160610_212816_2689m_01s__2689m_11s,0.833367
OCNPT3_20160610_212816_2827m_47s__2827m_57s,0.156505
OCNPT3_20160612_230932_0701m_28s__0701m_38s,0.733837
OCNPT3_20160612_230932_2410m_14s__2410m_24s,0.821921
OCNPT3_20160615_005046_0111m_56s__0112m_06s,0.147601
OCNPT3_20160615_005046_0199m_26s__0199m_36s,0.923403
OCNPT3_20160615_005046_0670m_21s__0670m_31s,0.811528
OCNPT3_20160615_005046_0813m_58s__0814m_08s,0.394846
OCNPT3_20160615_005046_1117m_48s__1117m_58s,0.145639
OCNPT3_20160615_005046_2784m_40s__2784m_50s,0.217841
OCNPT3_20160617_023202_2067m_33s__2067m_43s,0.694617
OCNPT3_20160617_023202_2102m_02s__2102m_12s,0.696836
OCNPT3_20160617_023202_2158m_09s__2158m_19s,0.882605
OCNPT3_20160619_041316_2432m_29s__2432m_39s,0.339376
OCNPT3_20160619_041316_2833m_04s__2833m_14s,0.177031
OCNPT3_20160621_055432_1079m_35s__1079m_45s,0.805336
OCNPT3_20160621_055432_1614m_21s__1614m_31s,0.352018
OCNPT3_20160621_055432_2127m_36s__2127m_46s,0.151869
OCNPT3_20160623_073546_0442m_56s__0443m_06s,0.677909
OCNPT_20160624_200541_0071m_06s__0071m_16s,0.105428
OCNPT_20160624_200541_1005m_57s__1006m_07s,0.797756
OCNPT_20160624_200541_1887m_20s__1887m_30s,0.068267
OCNPT_20160624_200541_1999m_04s__1999m_14s,0.663968
OCNPT_20160624_200541_2304m_58s__2305m_08s,0.185269
OCNPT_20160624_200541_2377m_19s__2377m_29s,0.186972
OCNPT_20160624_200541_2821m_14s__2821m_24s,0.118093
OCNPT_20160624_200541_2866m_25s__2866m_35s,0.179367
OCNPT_20160626_214658_0865m_02s__0865m_12s,0.087137
OCNPT_20160626_214658_1653m_34s__1653m_44s,0.390116
OCNPT_20160626_214658_1736m_09s__1736m_19s,0.100315
OCNPT_20160626_214658_2131m_12s__2131m_22s,0.943404
OCNPT_20160626_214658_2291m_04s__2291m_14s,0.227777
OCNPT_20160628_232813_0616m_00s__0616m_10s,0.180940
OCNPT_20160628_232813_1351m_53s__1352m_03s,0.248377
OCNPT_20160628_232813_1458m_00s__1458m_10s,0.158381
OCNPT_20160701_010928_0717m_27s__0717m_37s,0.094365
OCNPT_20160703_025043_0016m_42s__0016m_52s,0.560426
OCNPT_20160703_025043_0407m_46s__0407m_56s,0.151180
OCNPT_20160703_025043_1441m_15s__1441m_25s,0.073637
OCNPT_20160703_025043_1660m_55s__1661m_05s,0.523380
OCNPT_20160703_025043_2580m_03s__2580m_13s,0.094764
OCNPT_20160705_043158_0241m_13s__0241m_23s,0.080460
OCNPT_20160705_043158_1771m_25s__1771m_35s,0.116253
OCNPT_20160707_061314_0415m_05s__0415m_15s,0.073671
OCNPT_20160707_061314_1130m_39s__1130m_49s,0.485670
OCNPT_20160707_061314_2546m_37s__2546m_47s,0.157060
OCNPT_20160707_061314_2561m_11s__2561m_21s,0.302886
OCNPT_20160707_061314_2840m_16s__2840m_26s,0.143632
OCNPT_20160707_061314_2892m_15s__2892m_25s,0.090985
OCNPT_20160709_075429_0570m_02s__0570m_12s,0.323630
OCNPT_20160709_075429_0632m_54s__0633m_04s,0.117247
OCNPT_20160709_075429_0808m_55s__0809m_05s,0.371685
OCNPT_20160709_075429_0941m_24s__0941m_34s,0.110779
OCNPT_20160709_075429_1432m_25s__1432m_35s,0.179181
OCNPT_20160709_075429_2186m_11s__2186m_21s,0.103434
OCNPT_20160711_093545_0079m_44s__0079m_54s,0.383026
OCNPT_20160711_093545_2271m_19s__2271m_29s,0.111437
OCNPT_20160713_111701_0305m_22s__0305m_32s,0.167605
OCNPT_20160713_111701_0436m_09s__0436m_19s,0.121550
OCNPT_20160713_111701_0465m_57s__0466m_07s,0.076128
OCNPT_20160713_111701_0644m_40s__0644m_50s,0.086611
OCNPT_20160713_111701_1299m_25s__1299m_35s,0.340112
OCNPT_20160713_111701_1343m_17s__1343m_27s,0.073212
OCNPT_20160713_111701_1401m_17s__1401m_27s,0.322420
OCNPT_20160713_111701_1554m_12s__1554m_22s,0.078919
OCNPT_20160713_111701_1775m_27s__1775m_37s,0.144103
OCNPT_20160713_111701_1789m_35s__1789m_45s,0.058767
OCNPT_20160713_111701_2179m_36s__2179m_46s,0.095291
OCNPT_20160715_125817_0145m_03s__0145m_13s,0.315137
OCNPT_20160715_125817_0276m_55s__0277m_05s,0.172884
OCNPT_20160715_125817_0869m_25s__0869m_35s,0.085336
OCNPT_20160715_125817_0914m_02s__0914m_12s,0.120683
OCNPT_20160715_125817_1639m_20s__1639m_30s,0.335357
OCNPT_20160727_151103_0547m_24s__0547m_34s,0.106452
OCNPT_20160727_151103_2000m_40s__2000m_50s,0.236065
OCNPT_20160727_151103_2006m_04s__2006m_14s,0.249218
OCNPT_20160727_151103_2882m_09s__2882m_19s,0.191382
OCNPT_20160729_165219_1616m_24s__1616m_34s,0.088681
OCNPT_20160729_165219_1668m_40s__1668m_50s,0.114354
OCNPT_20160729_165219_2216m_35s__2216m_45s,0.285720
OCNPT_20160731_183334_0361m_07s__0361m_17s,0.308260
OCNPT_20160731_183334_0415m_28s__0415m_38s,0.297255
OCNPT_20160731_183334_1060m_52s__1061m_02s,0.287947
OCNPT_20160731_183334_1340m_29s__1340m_39s,0.241193
OCNPT_20160731_183334_1704m_55s__1705m_05s,0.341298
OCNPT_20160731_183334_2880m_59s__2881m_09s,0.140385
OCNPT_20160802_201449_0368m_15s__0368m_25s,0.160621
OCNPT_20160802_201449_0483m_09s__0483m_19s,0.165935
OCNPT_20160802_201449_0712m_50s__0713m_00s,0.104253
OCNPT_20160802_201449_0863m_32s__0863m_42s,0.188791
OCNPT_20160802_201449_2698m_00s__2698m_10s,0.148637
OCNPT_20160802_201449_2886m_28s__2886m_38s,0.375742
OCNPT_20160804_215603_0348m_34s__0348m_44s,0.147743
OCNPT_20160804_215603_0595m_00s__0595m_10s,0.189248
OCNPT_20160804_215603_1094m_08s__1094m_18s,0.121249
OCNPT_20160804_215603_1577m_28s__1577m_38s,0.086123
OCNPT_20160804_215603_2135m_17s__2135m_27s,0.525318
OCNPT_20160806_233717_1702m_44s__1702m_54s,0.097754
OCNPT_20160806_233717_2057m_55s__2058m_05s,0.095903
OCNPT_20160809_011833_0213m_52s__0214m_02s,0.100768
OCNPT_20160811_025947_0060m_40s__0060m_50s,0.072186
OCNPT_20160811_025947_0331m_59s__0332m_09s,0.128229
OCNPT_20160811_025947_0696m_14s__0696m_24s,0.115134
OCNPT_20160811_025947_0760m_55s__0761m_05s,0.104598
OCNPT_20160811_025947_0769m_14s__0769m_24s,0.141084
OCNPT_20160811_025947_0897m_11s__0897m_21s,0.160863
OCNPT_20160811_025947_1429m_33s__1429m_43s,0.116983
OCNPT_20160811_025947_1444m_32s__1444m_42s,0.061970
OCNPT_20160811_025947_2250m_06s__2250m_16s,0.283979
OCNPT_20160813_044101_0588m_11s__0588m_21s,0.465273
OCNPT_20160813_044101_1383m_01s__1383m_11s,0.130965
OCNPT_20160813_044101_1393m_04s__1393m_14s,0.263813
OCNPT_20160813_044101_2130m_49s__2130m_59s,0.566657
OCNPT_20160813_044101_2844m_39s__2844m_49s,0.586194
OCNPT_20160815_062216_1520m_38s__1520m_48s,0.089964
OCNPT_20160815_062216_1648m_14s__1648m_24s,0.227746
OCNPT_20160817_080330_1131m_24s__1131m_34s,0.112043
OCNPT_20160817_080330_1209m_41s__1209m_51s,0.100131
OCNPT_20160817_080330_1900m_18s__1900m_28s,0.297972
OCNPT_20160819_094445_1336m_53s__1337m_03s,0.093102
OCNPT_20160821_112600_1077m_22s__1077m_32s,0.094614
OCNPT_20160823_130714_0104m_51s__0105m_01s,0.231709
OCNPT_20160825_144829_0335m_42s__0335m_52s,0.099234
ROCKY_20160604_172713_1318m_22s__1318m_32s,0.117298
ROCKY_20160604_172713_1748m_48s__1748m_58s,0.428196
ROCKY_20160604_172713_2363m_28s__2363m_38s,0.615496
ROCKY_20160606_190827_0921m_16s__0921m_26s,0.155047
ROCKY_20160606_190827_1756m_38s__1756m_48s,0.134557
ROCKY_20160606_190827_2054m_07s__2054m_17s,0.234082
ROCKY_20160608_204941_0183m_27s__0183m_37s,0.439963
ROCKY_20160608_204941_0561m_55s__0562m_05s,0.420916
ROCKY_20160608_204941_2103m_25s__2103m_35s,0.345513
ROCKY_20160608_204941_2205m_03s__2205m_13s,0.189524
ROCKY_20160610_223054_0704m_58s__0705m_08s,0.966345
ROCKY_20160610_223054_1119m_24s__1119m_34s,0.604374
ROCKY_20160610_223054_2086m_34s__2086m_44s,0.773622
ROCKY_20160610_223054_2549m_02s__2549m_12s,0.426040
ROCKY_20160610_223054_2677m_06s__2677m_16s,0.986984
ROCKY_20160613_001210_1388m_10s__1388m_20s,0.100592
ROCKY_20160613_001210_2639m_02s__2639m_12s,0.678368
ROCKY_20160615_015324_0163m_58s__0164m_08s,0.840465
ROCKY_20160615_015324_2112m_08s__2112m_18s,0.157992
ROCKY_20160615_015324_2246m_40s__2246m_50s,0.434463
ROCKY_20160615_015324_2513m_30s__2513m_40s,0.240855
ROCKY_20160615_015324_2587m_58s__2588m_08s,0.506918
ROCKY_20160617_033439_0292m_17s__0292m_27s,0.750121
ROCKY_20160617_033439_0470m_19s__0470m_29s,0.854574
ROCKY_20160617_033439_0916m_11s__0916m_21s,0.919486
ROCKY_20160617_033439_1494m_37s__1494m_47s,0.941384
ROCKY_20160617_033439_2132m_11s__2132m_21s,0.572130
ROCKY_20160619_051554_1283m_23s__1283m_33s,0.643731
ROCKY_20160619_051554_1619m_15s__1619m_25s,0.848854
ROCKY_20160619_051554_2111m_30s__2111m_40s,0.640462
ROCKY_20160619_051554_2148m_44s__2148m_54s,0.491999
ROCKY_20160619_051554_2187m_59s__2188m_09s,0.931167
ROCKY_20160619_051554_2298m_52s__2299m_02s,0.322885
ROCKY_20160619_051554_2768m_35s__2768m_45s,0.128052
ROCKY_20160621_065709_0444m_26s__0444m_36s,0.318611
ROCKY_20160621_065709_2871m_34s__2871m_44s,0.489530
ROCKY_20160623_083823_1533m_22s__1533m_32s,0.641768
ROCKY_20160623_083823_1924m_27s__1924m_37s,0.987151
SHORTY_20160604_164020_0240m_49s__0240m_59s,0.528142
SHORTY_20160604_164020_0315m_23s__0315m_33s,0.329353
SHORTY_20160604_164020_0903m_45s__0903m_55s,0.353490
SHORTY_20160604_164020_2450m_50s__2451m_00s,0.884681
SHORTY_20160606_182134_0568m_44s__0568m_54s,0.900304
SHORTY_20160606_182134_0778m_41s__0778m_51s,0.850963
SHORTY_20160606_182134_1571m_06s__1571m_16s,0.549362
SHORTY_20160606_182134_2401m_07s__2401m_17s,0.911356
SHORTY_20160606_182134_2589m_28s__2589m_38s,0.121832
SHORTY_20160606_182134_2783m_38s__2783m_48s,0.546344
SHORTY_20160608_200247_0459m_51s__0460m_01s,0.525096
SHORTY_20160608_200247_2039m_06s__2039m_16s,0.905856
SHORTY_20160610_214400_0599m_44s__0599m_54s,0.962833
SHORTY_20160610_214400_1074m_28s__1074m_38s,0.399737
SHORTY_20160610_214400_1229m_33s__1229m_43s,0.928976
SHORTY_20160610_214400_1648m_07s__1648m_17s,0.644347
SHORTY_20160610_214400_2440m_41s__2440m_51s,0.988952
SHORTY_20160612_232515_0199m_45s__0199m_55s,0.955931
SHORTY_20160612_232515_1150m_30s__1150m_40s,0.811756
SHORTY_20160612_232515_1307m_47s__1307m_57s,0.979366
SHORTY_20160615_010629_1300m_44s__1300m_54s,0.596616
SHORTY_20160615_010629_2492m_01s__2492m_11s,0.448725
SHORTY_20160617_024743_0391m_05s__0391m_15s,0.926305
SHORTY_20160617_024743_1944m_42s__1944m_52s,0.989908
SHORTY_20160619_042858_0301m_52s__0302m_02s,0.488501
SHORTY_20160619_042858_0918m_46s__0918m_56s,0.944175
SHORTY_20160619_042858_1172m_34s__1172m_44s,0.452779
SHORTY_20160619_042858_1806m_15s__1806m_25s,0.316226
SHORTY_20160619_042858_2169m_16s__2169m_26s,0.635539
SHORTY_20160619_042858_2563m_41s__2563m_51s,0.100077
SHORTY_20160621_061012_0113m_07s__0113m_17s,0.301652
SHORTY_20160623_075126_0718m_35s__0718m_45s,0.490349
SHORTY_20160623_075126_0808m_11s__0808m_21s,0.992858
SHORTY_20160623_075126_1645m_20s__1645m_30s,0.966267
UMIAT_20130713_180248_1499m_00s__1499m_10s,0.472862
UMIAT_20130713_180248_2011m_05s__2011m_15s,0.912221
UMIAT_20130713_180248_2391m_17s__2391m_27s,0.804756
UMIAT_20130715_194403_1795m_36s__1795m_46s,0.086931
UMIAT_20130715_194403_2573m_28s__2573m_38s,0.125179
UMIAT_20130717_212516_2004m_31s__2004m_41s,0.338528
UMIAT_20130717_212516_2171m_25s__2171m_35s,0.076062
UMIAT_20130719_230628_0304m_22s__0304m_32s,0.897623
UMIAT_20130719_230628_0513m_02s__0513m_12s,0.630536
UMIAT_20130719_230628_0807m_10s__0807m_20s,0.478009
UMIAT_20130719_230628_1587m_19s__1587m_29s,0.408264
UMIAT_20130722_004741_2268m_31s__2268m_41s,0.133311
UMIAT_20130723_192129_0705m_13s__0705m_23s,0.140708
UMIAT_20130725_210243_1340m_59s__1341m_09s,0.462108
UMIAT_20130725_210243_1357m_34s__1357m_44s,0.428242
UMIAT_20130725_210243_2065m_48s__2065m_58s,0.487340
UMIAT_20130727_224356_0077m_01s__0077m_11s,0.429226
UMIAT_20130727_224356_0182m_04s__0182m_14s,0.435405
UMIAT_20130727_224356_0308m_43s__0308m_53s,0.411762
UMIAT_20130727_224356_2728m_09s__2728m_19s,0.473456
UMIAT_20130730_002508_0126m_05s__0126m_15s,0.448430
UMIAT_20130730_002508_1116m_19s__1116m_29s,0.156421
UMIAT_20130730_002508_2268m_17s__2268m_27s,0.306917
UMIAT_20130730_002508_2475m_53s__2476m_03s,0.431819
UMIAT_20130801_020621_0975m_21s__0975m_31s,0.422892
UMIAT_20130801_020621_1865m_51s__1866m_01s,0.369432
UMIAT_20130801_020621_2695m_58s__2696m_08s,0.509227
UMIAT_20130803_034733_2632m_03s__2632m_13s,0.357589
UMIAT_20130805_052845_0316m_45s__0316m_55s,0.087030
UMIAT_20130805_052845_0466m_26s__0466m_36s,0.159604
UMIAT_20130805_052845_1285m_25s__1285m_35s,0.466015
UMIAT_20130805_052845_1525m_41s__1525m_51s,0.969891
UMIAT_20130805_052845_1716m_10s__1716m_20s,0.480254
UMIAT_20130814_190609_0135m_25s__0135m_35s,0.259294
UMIAT_20130814_190609_0667m_52s__0668m_02s,0.944469
UMIAT_20130814_190609_1679m_11s__1679m_21s,0.484964
UMIAT_20130816_204722_1204m_49s__1204m_59s,0.078343
UMIAT_20130816_204722_1432m_56s__1433m_06s,0.456825
UMIAT_20130816_204722_1515m_59s__1516m_09s,0.484030
UMIAT_20130816_204722_2771m_44s__2771m_54s,0.098788
UMIAT_20130816_204722_2921m_24s__2921m_34s,0.297733
UMIAT_20130818_222835_0419m_13s__0419m_23s,0.221418
UMIAT_20130818_222835_1222m_26s__1222m_36s,0.447781
UMIAT_20130818_222835_2239m_32s__2239m_42s,0.978581
UMIAT_20130821_000947_0191m_08s__0191m_18s,0.090956
UMIAT_20130823_015059_0211m_26s__0211m_36s,0.478826
UMIAT_20130823_015059_0328m_07s__0328m_17s,0.417553
UMIAT_20130823_015059_0356m_18s__0356m_28s,0.450974
UMIAT_20130823_015059_0822m_55s__0823m_05s,0.408174
UMIAT_20130823_015059_1055m_36s__1055m_46s,0.469073
UMIAT_20130823_015059_1757m_28s__1757m_38s,0.970353
UMIAT_20130823_015059_1821m_47s__1821m_57s,0.878094
UMIAT_20130823_015059_2226m_08s__2226m_18s,0.433586
UMIAT_20130825_033211_0342m_12s__0342m_22s,0.373962
UMIAT_20130825_033211_0370m_35s__0370m_45s,0.927364
UMIAT_20130825_033211_0455m_42s__0455m_52s,0.397608
UMIAT_20130827_051323_1054m_31s__1054m_41s,0.405702
UMIAT_20130827_051323_1616m_39s__1616m_49s,0.469909
UMIAT_20130829_065436_0035m_27s__0035m_37s,0.443949
UMIAT_20130829_065436_1277m_33s__1277m_43s,0.443997
UMIAT_20130831_083548_0765m_33s__0765m_43s,0.395471
UMIAT_20130831_083548_0893m_32s__0893m_42s,0.438722
UMIAT_20130831_083548_1039m_53s__1040m_03s,0.442275
UMIAT_20130831_083548_1166m_17s__1166m_27s,0.477493
UMIAT_20130831_083548_1453m_53s__1454m_03s,0.884812
UMIAT_20130831_083548_1477m_49s__1477m_59s,0.459189
UMIAT_20130831_083548_1619m_53s__1620m_03s,0.437171
UMIAT_20130902_101700_0559m_30s__0559m_40s,0.419811
UMIAT_20130902_101700_0745m_49s__0745m_59s,0.402447
UMIAT_20130902_101700_1092m_34s__1092m_44s,0.507517
UMIAT_20130904_115811_1763m_28s__1763m_38s,0.444363
UMIAT_20130904_115811_2140m_25s__2140m_35s,0.122578
UMIAT_20130904_115811_2146m_39s__2146m_49s,0.082283
UMIAT_20130906_133922_0759m_25s__0759m_35s,0.144200
UMIAT_20130906_133922_1756m_38s__1756m_48s,0.497501
UMIAT_20130906_133922_2153m_11s__2153m_21s,0.440326
UMIAT_20130906_133922_2306m_29s__2306m_39s,0.401535
UMIAT_20130908_152033_0362m_46s__0362m_56s,0.338712
UMIAT_20130908_152033_0568m_12s__0568m_22s,0.101220
UMIAT_20130908_152033_1587m_30s__1587m_40s,0.122640
UMIAT_20130908_152033_2439m_58s__2440m_08s,0.906840
UMIAT_20130910_170145_0106m_01s__0106m_11s,0.384612
UMIAT_20130910_170145_0854m_05s__0854m_15s,0.745243
UMIAT_20130910_170145_1294m_42s__1294m_52s,0.847940
UMIRUK_20160602_172244_0648m_29s__0648m_39s,0.988213
UMIRUK_20160602_172244_1240m_47s__1240m_57s,0.948739
UMIRUK_20160602_172244_1946m_01s__1946m_11s,0.883778
UMIRUK_20160604_190400_0629m_26s__0629m_36s,0.213944
UMIRUK_20160604_190400_2895m_59s__2896m_09s,0.331014
UMIRUK_20160606_204514_0249m_01s__0249m_11s,0.293058
UMIRUK_20160606_204514_1315m_10s__1315m_20s,0.172373
UMIRUK_20160606_204514_2412m_37s__2412m_47s,0.118908
UMIRUK_20160606_204514_2891m_29s__2891m_39s,0.279634
UMIRUK_20160608_222628_0783m_58s__0784m_08s,0.146233
UMIRUK_20160608_222628_2602m_20s__2602m_30s,0.127592
UMIRUK_20160608_222628_2794m_31s__2794m_41s,0.497015
UMIRUK_20160611_000742_0535m_10s__0535m_20s,0.357885
UMIRUK_20160611_000742_2459m_38s__2459m_48s,0.172751
UMIRUK_20160611_000742_2721m_36s__2721m_46s,0.254953
UMIRUK_20160613_014858_0278m_38s__0278m_48s,0.623672
UMIRUK_20160613_014858_1976m_31s__1976m_41s,0.425511
UMIRUK_20160613_014858_2054m_30s__2054m_40s,0.505953
UMIRUK_20160613_014858_2600m_23s__2600m_33s,0.098894
UMIRUK_20160615_033013_1002m_50s__1003m_00s,0.075877
UMIRUK_20160615_033013_2283m_01s__2283m_11s,0.247261
UMIRUK_20160615_033013_2305m_10s__2305m_20s,0.116541
UMIRUK_20160619_065245_0035m_01s__0035m_11s,0.123049
UMIRUK_20160619_065245_0262m_25s__0262m_35s,0.419671
UMIRUK_20160619_065245_0491m_33s__0491m_43s,0.267717
UMIRUK_20160619_065245_1566m_54s__1567m_04s,0.591776
UMIRUK_20160619_065245_2471m_50s__2472m_00s,0.093104
UMIRUK_20160619_065245_2652m_18s__2652m_28s,0.097068
UMIRUK_20160621_083400_0286m_50s__0287m_00s,0.164111
UMIRUK_20160621_083400_0515m_46s__0515m_56s,0.089447
UMIRUK_20160621_083400_1709m_53s__1710m_03s,0.077662
UMIRUK_20160621_083400_2480m_34s__2480m_44s,0.088961
UMIRUK_20160623_101515_0588m_12s__0588m_22s,0.120909
UMIRUK_20160623_101515_0714m_47s__0714m_57s,0.362682
UMIRUK_20160623_101515_1385m_27s__1385m_37s,0.435434
USGS_20160603_151612_2149m_53s__2150m_03s,0.480808
USGS_20160603_151612_2260m_16s__2260m_26s,0.465054
USGS_20160603_151612_2332m_46s__2332m_56s,0.358023
USGS_20160603_151612_2367m_10s__2367m_20s,0.092523
USGS_20160605_165727_0024m_59s__0025m_09s,0.077452
USGS_20160605_165727_1196m_09s__1196m_19s,0.222261
USGS_20160607_183841_0806m_22s__0806m_32s,0.575026
USGS_20160607_183841_1035m_16s__1035m_26s,0.438049
USGS_20160609_201955_0289m_57s__0290m_07s,0.551029
USGS_20160609_201955_1017m_12s__1017m_22s,0.651162
USGS_20160609_201955_2579m_42s__2579m_52s,0.666399
USGS_20160611_220109_0237m_51s__0238m_01s,0.368845
USGS_20160611_220109_0583m_10s__0583m_20s,0.549752
USGS_20160611_220109_2433m_32s__2433m_42s,0.440338
USGS_20160613_234225_0475m_04s__0475m_14s,0.556573
USGS_20160613_234225_2677m_28s__2677m_38s,0.495904
USGS_20160613_234225_2902m_57s__2903m_07s,0.523162
USGS_20160616_012339_1175m_02s__1175m_12s,0.101934
USGS_20160618_030453_0032m_14s__0032m_24s,0.446641
USGS_20160618_030453_0067m_06s__0067m_16s,0.479919
USGS_20160618_030453_0503m_10s__0503m_20s,0.436991
USGS_20160618_030453_0506m_41s__0506m_51s,0.442224
USGS_20160618_030453_1101m_13s__1101m_23s,0.496123
USGS_20160618_030453_1287m_34s__1287m_44s,0.570870
USGS_20160618_030453_2014m_32s__2014m_42s,0.465463
USGS_20160620_044609_1370m_56s__1371m_06s,0.144301
USGS_20160620_044609_1568m_52s__1569m_02s,0.490095
USGS_20160622_062723_0842m_43s__0842m_53s,0.096503
USGS_20160622_062723_1249m_01s__1249m_11s,0.511523
USGS_20160622_062723_1893m_40s__1893m_50s,0.488460
USGS_20160622_062723_2294m_59s__2295m_09s,0.525960
USGS_20160622_062723_2313m_55s__2314m_05s,0.525959
USGS_20160622_062723_2596m_36s__2596m_46s,0.538072
USGS_20160624_080838_0479m_03s__0479m_13s,0.336057
USGS_20160624_080838_0616m_33s__0616m_43s,0.465204
USGS_20160624_080838_1977m_10s__1977m_20s,0.405986
USGS_20160626_135759_0488m_19s__0488m_29s,0.528427
USGS_20160626_135759_1914m_38s__1914m_48s,0.500141
USGS_20160626_135759_2360m_06s__2360m_16s,0.504588
USGS_20160628_153915_1013m_58s__1014m_08s,0.479236
USGS_20160628_153915_1306m_37s__1306m_47s,0.444272
USGS_20160628_153915_1711m_24s__1711m_34s,0.483930
USGS_20160628_153915_2753m_59s__2754m_09s,0.074232
USGS_20160628_153915_2888m_16s__2888m_26s,0.040328
USGS_20160630_172030_0286m_24s__0286m_34s,0.296008
USGS_20160630_172030_0357m_43s__0357m_53s,0.037015
USGS_20160630_172030_1818m_39s__1818m_49s,0.468260
USGS_20160704_204301_1217m_12s__1217m_22s,0.526230
USGS_20160704_204301_2936m_24s__2936m_34s,0.110772
USGS_20160706_222416_0582m_29s__0582m_39s,0.460051
USGS_20160706_222416_1842m_39s__1842m_49s,0.452980
USGS_20160706_222416_2210m_42s__2210m_52s,0.351621
USGS_20160706_222416_2463m_35s__2463m_45s,0.520330
USGS_20160706_222416_2922m_23s__2922m_33s,0.518274
USGS_20160709_000531_0659m_55s__0660m_05s,0.503583
USGS_20160709_000531_1036m_05s__1036m_15s,0.369222
USGS_20160709_000531_2265m_36s__2265m_46s,0.464861
USGS_20160709_000531_2464m_57s__2465m_07s,0.512256
USGS_20160711_014646_0245m_05s__0245m_15s,0.539257
USGS_20160711_014646_0753m_52s__0754m_02s,0.530798
USGS_20160711_014646_1647m_04s__1647m_14s,0.506121
USGS_20160711_014646_2460m_57s__2461m_07s,0.547095
USGS_20160713_032802_0035m_00s__0035m_10s,0.472508
USGS_20160713_032802_0051m_58s__0052m_08s,0.459008
USGS_20160713_032802_0184m_42s__0184m_52s,0.685423
USGS_20160713_032802_0256m_30s__0256m_40s,0.548556
USGS_20160713_032802_0369m_59s__0370m_09s,0.492454
USGS_20160713_032802_1133m_46s__1133m_56s,0.341755
USGS_20160713_032802_2192m_58s__2193m_08s,0.421497
USGS_20160713_032802_2404m_45s__2404m_55s,0.443774
USGS_20160715_050919_0066m_55s__0067m_05s,0.534881
USGS_20160715_050919_0704m_20s__0704m_30s,0.147438
USGS_20160715_050919_1240m_44s__1240m_54s,0.393503
USGS_20160715_050919_2498m_05s__2498m_15s,0.257060
USGS_20160715_050919_2745m_44s__2745m_54s,0.400921
USGS_20160717_065035_1453m_54s__1454m_04s,0.091154
USGS_20160717_065035_2267m_24s__2267m_34s,0.511625
USGS_20160717_065035_2639m_58s__2640m_08s,0.061819
USGS_20160717_065035_2739m_10s__2739m_20s,0.093833
